<?xml version="1.0" encoding="UTF-8"?>
 <!DOCTYPE mapper 
 PUBLIC "-//mybatis.org//DTD Mapper 3.0//EN" 
 "http://mybatis.org/dtd/mybatis-3-mapper.dtd">

<mapper namespace="com.shiyanlou.lesson5.mapper.UserMapper">
	<resultMap type="com.shiyanlou.lesson5.domain.User" id="UserInfo">
		<id column="id" property="id" />
		<result column="name" property="name" />
		<result column="gender" property="gender" />
		<result column="age" property="age" />

		<association column="card_id" property="card"
			javaType="com.shiyanlou.lesson5.domain.Card" 
			select="com.shiyanlou.lesson5.mapper.CardMapper.selectById" />

		<association column="job_id" property="job"
			javaType="com.shiyanlou.lesson5.domain.Job" 
			select="com.shiyanlou.lesson5.mapper.JobMapper.selectBriefById" />

		<collection column="id" property="hobbies"
			ofType="com.shiyanlou.lesson5.domain.Hobby" 
			select="com.shiyanlou.lesson5.mapper.UserHobbyMapper.findHobbyById" />

	</resultMap>

	<select id="selectById" parameterType="Integer" resultMap="UserInfo">
		select id, name, gender, age, job_id, card_id
		from user where id = #{id};
	</select>

	<select id="selectByJobId" parameterType="Integer"
		resultType="com.shiyanlou.lesson5.domain.User">
		select id, name
		from user where job_id = #{job_id};
	</select>

	<select id="selectAll" resultMap="UserInfo">
		select id, name, gender, age,
		job_id, card_id
		from user
	</select>

	<insert id="insert" parameterType="com.shiyanlou.lesson5.domain.User"
		useGeneratedKeys="true" keyProperty="id">
		insert into user(name, gender,
		age, job_id, card_id)
		values(#{name}, #{gender}, #{age}, #{job.id},
		#{card.id});
	</insert>

	<update id="update" parameterType="com.shiyanlou.lesson5.domain.User">
		update user
		<set>
			<if test="name != null and name != ''">
				name = #{name},
			</if>
			<if test="gender != null">
				gender = #{gender},
			</if>
			<if test="age != null">
				age = #{age},
			</if>
			<if test="job != null">
				job_id = #{job.id},
			</if>
			<if test="card != null">
				card_id = #{card.id},
			</if>
		</set>
		where id = #{id};
	</update>

	<delete id="delete" parameterType="Integer">
		delete from user where id =
		#{id};
	</delete>
</mapper> 